{
  "03_02_Click on Sign in" : {
    "transaction" : "03_02_Click on Sign in",
    "sampleCount" : 45,
    "errorCount" : 0,
    "errorPct" : 0.0,
    "meanResTime" : 155.1555555555555,
    "medianResTime" : 164.0,
    "minResTime" : 0.0,
    "maxResTime" : 199.0,
    "pct1ResTime" : 182.79999999999998,
    "pct2ResTime" : 197.2,
    "pct3ResTime" : 199.0,
    "throughput" : 0.4728331109266478,
    "receivedKBytesPerSec" : 1.765017869151317,
    "sentKBytesPerSec" : 0.2637522196887707
  },
  "04_04 Click on Category" : {
    "transaction" : "04_04 Click on Category",
    "sampleCount" : 2,
    "errorCount" : 0,
    "errorPct" : 0.0,
    "meanResTime" : 153.0,
    "medianResTime" : 153.0,
    "minResTime" : 153.0,
    "maxResTime" : 153.0,
    "pct1ResTime" : 153.0,
    "pct2ResTime" : 153.0,
    "pct3ResTime" : 153.0,
    "throughput" : 0.3502626970227671,
    "receivedKBytesPerSec" : 1.4875903021015762,
    "sentKBytesPerSec" : 0.21549365148861646
  },
  "03_01_OpenUrl" : {
    "transaction" : "03_01_OpenUrl",
    "sampleCount" : 48,
    "errorCount" : 0,
    "errorPct" : 0.0,
    "meanResTime" : 674.5833333333333,
    "medianResTime" : 667.0,
    "minResTime" : 612.0,
    "maxResTime" : 876.0,
    "pct1ResTime" : 714.5,
    "pct2ResTime" : 813.4499999999996,
    "pct3ResTime" : 876.0,
    "throughput" : 0.5001146095980329,
    "receivedKBytesPerSec" : 2.541272479109796,
    "sentKBytesPerSec" : 0.2736629748484028
  },
  "03_07 Click on Sign off" : {
    "transaction" : "03_07 Click on Sign off",
    "sampleCount" : 32,
    "errorCount" : 0,
    "errorPct" : 0.0,
    "meanResTime" : 318.68749999999994,
    "medianResTime" : 321.0,
    "minResTime" : 298.0,
    "maxResTime" : 345.0,
    "pct1ResTime" : 337.0,
    "pct2ResTime" : 345.0,
    "pct3ResTime" : 345.0,
    "throughput" : 0.4839099927413501,
    "receivedKBytesPerSec" : 2.4942157633680138,
    "sentKBytesPerSec" : 0.6015795124606823
  },
  "04_02 Click on Sign in" : {
    "transaction" : "04_02 Click on Sign in",
    "sampleCount" : 4,
    "errorCount" : 0,
    "errorPct" : 0.0,
    "meanResTime" : 158.5,
    "medianResTime" : 158.5,
    "minResTime" : 154.0,
    "maxResTime" : 163.0,
    "pct1ResTime" : 163.0,
    "pct2ResTime" : 163.0,
    "pct3ResTime" : 163.0,
    "throughput" : 0.060407448238367786,
    "receivedKBytesPerSec" : 0.24162979295347117,
    "sentKBytesPerSec" : 0.038698521527704366
  },
  "02_03 Click on Product id" : {
    "transaction" : "02_03 Click on Product id",
    "sampleCount" : 279,
    "errorCount" : 0,
    "errorPct" : 0.0,
    "meanResTime" : 180.5089605734767,
    "medianResTime" : 163.0,
    "minResTime" : 0.0,
    "maxResTime" : 5249.0,
    "pct1ResTime" : 174.0,
    "pct2ResTime" : 183.0,
    "pct3ResTime" : 468.0,
    "throughput" : 3.111651405819569,
    "receivedKBytesPerSec" : 11.932484344155338,
    "sentKBytesPerSec" : 1.9617510497641168
  },
  "02_01 OpenURl" : {
    "transaction" : "02_01 OpenURl",
    "sampleCount" : 316,
    "errorCount" : 0,
    "errorPct" : 0.0,
    "meanResTime" : 673.7848101265822,
    "medianResTime" : 663.0,
    "minResTime" : 597.0,
    "maxResTime" : 1100.0,
    "pct1ResTime" : 724.0,
    "pct2ResTime" : 791.0,
    "pct3ResTime" : 1051.0,
    "throughput" : 3.2430546290499698,
    "receivedKBytesPerSec" : 16.165241843614982,
    "sentKBytesPerSec" : 1.7986814186311437
  },
  "01_02_Search" : {
    "transaction" : "01_02_Search",
    "sampleCount" : 3294,
    "errorCount" : 0,
    "errorPct" : 0.0,
    "meanResTime" : 163.38160291438976,
    "medianResTime" : 160.0,
    "minResTime" : 0.0,
    "maxResTime" : 2258.0,
    "pct1ResTime" : 172.0,
    "pct2ResTime" : 176.0,
    "pct3ResTime" : 234.10000000000036,
    "throughput" : 33.60504381714122,
    "receivedKBytesPerSec" : 115.69993611062935,
    "sentKBytesPerSec" : 31.36206144601667
  },
  "02_04 Click on Item Id" : {
    "transaction" : "02_04 Click on Item Id",
    "sampleCount" : 263,
    "errorCount" : 0,
    "errorPct" : 0.0,
    "meanResTime" : 159.7566539923956,
    "medianResTime" : 162.0,
    "minResTime" : 0.0,
    "maxResTime" : 243.0,
    "pct1ResTime" : 171.6,
    "pct2ResTime" : 177.0,
    "pct3ResTime" : 232.76000000000022,
    "throughput" : 3.092625909855246,
    "receivedKBytesPerSec" : 11.19074181865218,
    "sentKBytesPerSec" : 1.927792550064087
  },
  "04_01 Open Url" : {
    "transaction" : "04_01 Open Url",
    "sampleCount" : 4,
    "errorCount" : 0,
    "errorPct" : 0.0,
    "meanResTime" : 741.0,
    "medianResTime" : 741.0,
    "minResTime" : 645.0,
    "maxResTime" : 837.0,
    "pct1ResTime" : 837.0,
    "pct2ResTime" : 837.0,
    "pct3ResTime" : 837.0,
    "throughput" : 0.06663557006730193,
    "receivedKBytesPerSec" : 0.3460949994169388,
    "sentKBytesPerSec" : 0.03588820008995802
  },
  "04_05 Click on Product id" : {
    "transaction" : "04_05 Click on Product id",
    "sampleCount" : 2,
    "errorCount" : 0,
    "errorPct" : 0.0,
    "meanResTime" : 155.0,
    "medianResTime" : 155.0,
    "minResTime" : 155.0,
    "maxResTime" : 155.0,
    "pct1ResTime" : 155.0,
    "pct2ResTime" : 155.0,
    "pct3ResTime" : 155.0,
    "throughput" : 0.37516413430876006,
    "receivedKBytesPerSec" : 1.5567113346464077,
    "sentKBytesPerSec" : 0.24253775089101481
  },
  "04_10 Click on Sign off" : {
    "transaction" : "04_10 Click on Sign off",
    "sampleCount" : 2,
    "errorCount" : 0,
    "errorPct" : 0.0,
    "meanResTime" : 303.0,
    "medianResTime" : 303.0,
    "minResTime" : 303.0,
    "maxResTime" : 303.0,
    "pct1ResTime" : 303.0,
    "pct2ResTime" : 303.0,
    "pct3ResTime" : 303.0,
    "throughput" : 0.3722315280104225,
    "receivedKBytesPerSec" : 1.9185918016005954,
    "sentKBytesPerSec" : 0.45620172622371113
  },
  "02_02 Click on Category" : {
    "transaction" : "02_02 Click on Category",
    "sampleCount" : 299,
    "errorCount" : 0,
    "errorPct" : 0.0,
    "meanResTime" : 159.25752508361202,
    "medianResTime" : 162.0,
    "minResTime" : 0.0,
    "maxResTime" : 699.0,
    "pct1ResTime" : 173.0,
    "pct2ResTime" : 176.0,
    "pct3ResTime" : 183.0,
    "throughput" : 3.0905351070317426,
    "receivedKBytesPerSec" : 11.044108602850734,
    "sentKBytesPerSec" : 1.8215802234177805
  },
  "03_04_Click on Category id" : {
    "transaction" : "03_04_Click on Category id",
    "sampleCount" : 35,
    "errorCount" : 0,
    "errorPct" : 0.0,
    "meanResTime" : 152.22857142857146,
    "medianResTime" : 161.0,
    "minResTime" : 0.0,
    "maxResTime" : 235.0,
    "pct1ResTime" : 172.0,
    "pct2ResTime" : 235.0,
    "pct3ResTime" : 235.0,
    "throughput" : 0.4582351400890285,
    "receivedKBytesPerSec" : 1.6110851990049753,
    "sentKBytesPerSec" : 0.25831983176224144
  },
  "03_06 Click on Add to cart" : {
    "transaction" : "03_06 Click on Add to cart",
    "sampleCount" : 32,
    "errorCount" : 0,
    "errorPct" : 0.0,
    "meanResTime" : 162.93750000000003,
    "medianResTime" : 164.0,
    "minResTime" : 151.0,
    "maxResTime" : 177.0,
    "pct1ResTime" : 172.0,
    "pct2ResTime" : 177.0,
    "pct3ResTime" : 177.0,
    "throughput" : 0.4840856831659204,
    "receivedKBytesPerSec" : 2.275208620128888,
    "sentKBytesPerSec" : 0.31431295761224737
  },
  "04_03 Enter Username and password-0" : {
    "transaction" : "04_03 Enter Username and password-0",
    "sampleCount" : 1,
    "errorCount" : 0,
    "errorPct" : 0.0,
    "meanResTime" : 152.0,
    "medianResTime" : 152.0,
    "minResTime" : 152.0,
    "maxResTime" : 152.0,
    "pct1ResTime" : 152.0,
    "pct2ResTime" : 152.0,
    "pct3ResTime" : 152.0,
    "throughput" : 6.578947368421052,
    "receivedKBytesPerSec" : 1.4776932565789473,
    "sentKBytesPerSec" : 6.456877055921053
  },
  "04_07 Click on Proceed to checkout" : {
    "transaction" : "04_07 Click on Proceed to checkout",
    "sampleCount" : 2,
    "errorCount" : 0,
    "errorPct" : 0.0,
    "meanResTime" : 158.0,
    "medianResTime" : 158.0,
    "minResTime" : 158.0,
    "maxResTime" : 158.0,
    "pct1ResTime" : 158.0,