{
  "HTTP Request2" : {
    "transaction" : "HTTP Request2",
    "sampleCount" : 1,
    "errorCount" : 0,
    "errorPct" : 0.0,
    "meanResTime" : 435.0,
    "medianResTime" : 435.0,
    "minResTime" : 435.0,
    "maxResTime" : 435.0,
    "pct1ResTime" : 435.0,
    "pct2ResTime" : 435.0,
    "pct3ResTime" : 435.0,
    "throughput" : 2.2988505747126435,
    "receivedKBytesPerSec" : 10.688308189655173,
    "sentKBytesPerSec" : 0.2671515804597701
  },
  "HTTP Request4" : {
    "transaction" : "HTTP Request4",
    "sampleCount" : 1,
    "errorCount" : 0,
    "errorPct" : 0.0,
    "meanResTime" : 411.0,
    "medianResTime" : 411.0,
    "minResTime" : 411.0,
    "maxResTime" : 411.0,
    "pct1ResTime" : 411.0,
    "pct2ResTime" : 411.0,
    "pct3ResTime" : 411.0,
    "throughput" : 2.4330900243309004,
    "receivedKBytesPerSec" : 11.312442974452555,
    "sentKBytesPerSec" : 0.2827516727493917
  },
  "HTTP Request3" : {
    "transaction" : "HTTP Request3",
    "sampleCount" : 1,
    "errorCount" : 0,
    "errorPct" : 0.0,
    "meanResTime" : 448.0,
    "medianResTime" : 448.0,
    "minResTime" : 448.0,
    "maxResTime" : 448.0,
    "pct1ResTime" : 448.0,
    "pct2ResTime" : 448.0,
    "pct3ResTime" : 448.0,
    "throughput" : 2.232142857142857,
    "receivedKBytesPerSec" : 10.378156389508929,
    "sentKBytesPerSec" : 0.2593994140625
  },
  "Total" : {
    "transaction" : "Total",
    "sampleCount" : 3,
    "errorCount" : 0,
    "errorPct" : 0.0,
    "meanResTime" : 431.3333333333333,
    "medianResTime" : 435.0,
    "minResTime" : 411.0,
    "maxResTime" : 448.0,
    "pct1ResTime" : 448.0,
    "pct2ResTime" : 448.0,
    "pct3ResTime" : 448.0,
    "throughput" : 2.3130300693909023,
    "receivedKBytesPerSec" : 10.754234531611411,
    "sentKBytesPerSec" : 0.2687993928296068
  }
}